,0,1,2,3,4,5,6,7,8,9,10,11,12,13,14,15,16,17,18,19,20,21,22,23,24,25,26,27,28,29,30,31,32,33,34,35,36,37,38,39,40,41,42,43,44,45,46,47,48,49,50,51,52,53,54,55,56,57,58,59
gemini_mc,A ladder,Ladder,Cherries,Glasses,Glasses,Glasses,Pine tree,Butterfly,Rabbit,Pitchfork,Trident,Martini glass,Wine glass,Headphones,House,A house,Ice cream,Ice cream,Ice cream,A fish,Keyhole,Keyhole,"Based on the steps described:

1.  **`v o`**: You start with a ""v"" and an ""o"".
2.  **`> o`**: Rotating the ""v"" 90 degrees to the left turns it into a ""greater than"" sign (`>`).
3.  **`>o`**: Pushing them together makes the point touch the circle.
4.  **`|>o`**: Drawing a vertical line between the two left points (the open end of the `>`) creates a triangle pointing to the right, touching a circle.

This geometric shape (a triangle tail connected to a round body) best represents:

**A fish**",Lollipop,A chair,Chair,Flag,Belt buckle,Glasses,Sailboat,Beer mug,Stick figure,Martini glass,Bumper car,Scissors,Cherries,Peace sign,Stick figure,Ice cream,An owl,Coffee mug,Coffee mug,Window pane,Cartoon bomb,An apple,Lexus logo,Ionic capital,Cartoon bomb,Letter T,A heart,Stick figure,Old TV,Letter F,Sailboat,Skeleton key,Martini glass,Clock,Hourglass,An umbrella,Pine tree
